image_id,dr
data/images/1_l1.jpg,2
data/images/1_l2.jpg,0
data/images/1_r1.jpg,2
data/images/1_r2.jpg,0
data/images/2_l1.jpg,3
data/images/2_l2.jpg,2
data/images/2_r1.jpg,3
data/images/2_r2.jpg,4
data/images/3_l1.jpg,3
data/images/3_l2.jpg,2
data/images/3_r1.jpg,0
data/images/3_r2.jpg,4
data/images/4_l1.jpg,4
data/images/4_l2.jpg,3
data/images/4_r1.jpg,3
data/images/4_r2.jpg,4
data/images/5_l1.jpg,0
data/images/5_l2.jpg,0
data/images/5_r1.jpg,3
data/images/5_r2.jpg,0
data/images/6_l1.jpg,3
data/images/6_l2.jpg,0
data/images/6_r1.jpg,4
data/images/6_r2.jpg,3
data/images/7_l1.jpg,0
data/images/7_l2.jpg,0
data/images/7_r1.jpg,0
data/images/7_r2.jpg,0
data/images/8_l1.jpg,3
data/images/8_l2.jpg,1
data/images/8_r1.jpg,5
data/images/8_r2.jpg,4
data/images/9_l1.jpg,0
data/images/9_l2.jpg,1
data/images/9_r1.jpg,3
data/images/9_r2.jpg,2
data/images/10_l1.jpg,3
data/images/10_l2.jpg,0
data/images/10_r1.jpg,2
data/images/10_r2.jpg,0
data/images/11_l1.jpg,2
data/images/11_l2.jpg,4
data/images/11_r1.jpg,5
data/images/11_r2.jpg,5
data/images/12_l1.jpg,0
data/images/12_l2.jpg,0
data/images/12_r1.jpg,0
data/images/12_r2.jpg,0
data/images/13_l1.jpg,4
data/images/13_l2.jpg,4
data/images/13_r1.jpg,4
data/images/13_r2.jpg,5
data/images/14_l1.jpg,0
data/images/14_l2.jpg,0
data/images/14_r1.jpg,2
data/images/14_r2.jpg,0
data/images/15_l1.jpg,2
data/images/15_l2.jpg,0
data/images/15_r1.jpg,3
data/images/15_r2.jpg,2
data/images/16_l1.jpg,4
data/images/16_l2.jpg,4
data/images/16_r1.jpg,3
data/images/16_r2.jpg,3
data/images/17_l1.jpg,2
data/images/17_l2.jpg,0
data/images/17_r1.jpg,2
data/images/17_r2.jpg,2
data/images/18_l1.jpg,0
data/images/18_l2.jpg,0
data/images/18_r1.jpg,2
data/images/18_r2.jpg,2
data/images/19_l1.jpg,2
data/images/19_l2.jpg,4
data/images/19_r1.jpg,3
data/images/19_r2.jpg,5
data/images/20_l1.jpg,2
data/images/20_l2.jpg,0
data/images/20_r1.jpg,0
data/images/20_r2.jpg,0
data/images/21_l1.jpg,0
data/images/21_l2.jpg,4
data/images/21_r1.jpg,5
data/images/21_r2.jpg,0
data/images/22_l1.jpg,0
data/images/22_l2.jpg,0
data/images/22_r1.jpg,0
data/images/22_r2.jpg,3
data/images/23_l1.jpg,0
data/images/23_l2.jpg,2
data/images/23_r1.jpg,2
data/images/23_r2.jpg,0
data/images/24_l1.jpg,1
data/images/24_l2.jpg,0
data/images/24_r1.jpg,3
data/images/24_r2.jpg,0
data/images/25_l1.jpg,2
data/images/25_l2.jpg,0
data/images/25_r1.jpg,2
data/images/25_r2.jpg,0
data/images/26_l1.jpg,0
data/images/26_l2.jpg,0
data/images/26_r1.jpg,0
data/images/26_r2.jpg,0
data/images/27_l1.jpg,0
data/images/27_l2.jpg,0
data/images/27_r1.jpg,0
data/images/27_r2.jpg,0
data/images/28_l1.jpg,0
data/images/28_l2.jpg,0
data/images/28_r1.jpg,0
data/images/28_r2.jpg,0
data/images/29_l1.jpg,0
data/images/29_l2.jpg,0
data/images/29_r1.jpg,0
data/images/29_r2.jpg,0
data/images/30_l1.jpg,2
data/images/30_l2.jpg,4
data/images/30_r1.jpg,2
data/images/30_r2.jpg,0
data/images/31_l1.jpg,0
data/images/31_l2.jpg,0
data/images/31_r1.jpg,4
data/images/31_r2.jpg,4
data/images/32_l1.jpg,3
data/images/32_l2.jpg,0
data/images/32_r1.jpg,4
data/images/32_r2.jpg,0
data/images/33_l1.jpg,0
data/images/33_l2.jpg,2
data/images/33_r1.jpg,2
data/images/33_r2.jpg,1
data/images/34_l1.jpg,0
data/images/34_l2.jpg,0
data/images/34_r1.jpg,0
data/images/34_r2.jpg,0
data/images/35_l1.jpg,2
data/images/35_l2.jpg,0
data/images/35_r1.jpg,2
data/images/35_r2.jpg,2
data/images/36_l1.jpg,0
data/images/36_l2.jpg,0
data/images/36_r1.jpg,0
data/images/36_r2.jpg,0
data/images/37_l1.jpg,2
data/images/37_l2.jpg,0
data/images/37_r1.jpg,0
data/images/37_r2.jpg,0
data/images/38_l1.jpg,0
data/images/38_l2.jpg,2
data/images/38_r1.jpg,3
data/images/38_r2.jpg,0
data/images/39_l1.jpg,0
data/images/39_l2.jpg,0
data/images/39_r1.jpg,2
data/images/39_r2.jpg,0
data/images/40_l1.jpg,2
data/images/40_l2.jpg,4
data/images/40_r1.jpg,3
data/images/40_r2.jpg,3
data/images/41_l1.jpg,5
data/images/41_l2.jpg,3
data/images/41_r1.jpg,3
data/images/41_r2.jpg,0
data/images/42_l1.jpg,3
data/images/42_l2.jpg,0
data/images/42_r1.jpg,0
data/images/42_r2.jpg,0
data/images/43_l1.jpg,2
data/images/43_l2.jpg,0
data/images/43_r1.jpg,0
data/images/43_r2.jpg,0
data/images/44_l1.jpg,0
data/images/44_l2.jpg,0
data/images/44_r1.jpg,3
data/images/44_r2.jpg,0
data/images/45_l1.jpg,3
data/images/45_l2.jpg,4
data/images/45_r1.jpg,4
data/images/45_r2.jpg,0
data/images/46_l1.jpg,4
data/images/46_l2.jpg,4
data/images/46_r1.jpg,4
data/images/46_r2.jpg,3
data/images/47_l1.jpg,2
data/images/47_l2.jpg,0
data/images/47_r1.jpg,2
data/images/47_r2.jpg,0
data/images/48_l1.jpg,0
data/images/48_l2.jpg,0
data/images/48_r1.jpg,0
data/images/48_r2.jpg,0
data/images/49_l1.jpg,3
data/images/49_l2.jpg,0
data/images/49_r1.jpg,4
data/images/49_r2.jpg,0
data/images/50_l1.jpg,3
data/images/50_l2.jpg,0
data/images/50_r1.jpg,2
data/images/50_r2.jpg,0
data/images/51_l1.jpg,4
data/images/51_l2.jpg,4
data/images/51_r1.jpg,2
data/images/51_r2.jpg,2
data/images/52_l1.jpg,2
data/images/52_l2.jpg,2
data/images/52_r1.jpg,3
data/images/52_r2.jpg,0
data/images/53_l1.jpg,2
data/images/53_l2.jpg,0
data/images/53_r1.jpg,1
data/images/53_r2.jpg,0
data/images/54_l1.jpg,0
data/images/54_l2.jpg,0
data/images/54_r1.jpg,2
data/images/54_r2.jpg,4
data/images/55_l1.jpg,0
data/images/55_l2.jpg,0
data/images/55_r1.jpg,2
data/images/55_r2.jpg,0
data/images/56_l1.jpg,0
data/images/56_r3.jpg,1
data/images/56_l3.jpg,0
data/images/56_r2.jpg,0
data/images/57_l1.jpg,4
data/images/57_l2.jpg,4
data/images/57_r1.jpg,3
data/images/57_r2.jpg,0
data/images/58_l1.jpg,3
data/images/58_l2.jpg,0
data/images/58_r1.jpg,4
data/images/58_r2.jpg,0
data/images/59_l1.jpg,0
data/images/59_l2.jpg,4
data/images/59_r1.jpg,0
data/images/59_r2.jpg,0
data/images/60_l1.jpg,4
data/images/60_l2.jpg,0
data/images/60_r1.jpg,1
data/images/60_r2.jpg,0
data/images/61_l1.jpg,0
data/images/61_l2.jpg,4
data/images/61_r1.jpg,0
data/images/61_r2.jpg,0
data/images/62_l1.jpg,2
data/images/62_l2.jpg,0
data/images/62_r1.jpg,0
data/images/62_r2.jpg,3
data/images/63_l1.jpg,0
data/images/63_l2.jpg,0
data/images/63_r1.jpg,2
data/images/63_r2.jpg,0
data/images/64_l1.jpg,0
data/images/64_l2.jpg,0
data/images/64_r1.jpg,2
data/images/64_r2.jpg,1
data/images/65_l1.jpg,1
data/images/65_l2.jpg,3
data/images/65_r1.jpg,0
data/images/65_r2.jpg,0
data/images/66_l1.jpg,0
data/images/66_l2.jpg,0
data/images/66_r1.jpg,1
data/images/66_r2.jpg,0
data/images/67_l1.jpg,1
data/images/67_l2.jpg,0
data/images/67_r1.jpg,1
data/images/67_r2.jpg,0
data/images/68_l1.jpg,0
data/images/68_l2.jpg,0
data/images/68_r1.jpg,4
data/images/68_r2.jpg,0
data/images/69_l1.jpg,2
data/images/69_l2.jpg,0
data/images/69_r1.jpg,2
data/images/69_r2.jpg,0
data/images/70_l1.jpg,0
data/images/70_l2.jpg,0
data/images/70_r1.jpg,0
data/images/70_r2.jpg,0
data/images/71_l1.jpg,0
data/images/71_l2.jpg,4
data/images/71_r1.jpg,0
data/images/71_r2.jpg,2
data/images/72_l1.jpg,2
data/images/72_l2.jpg,0
data/images/72_r1.jpg,2
data/images/72_r2.jpg,0
data/images/73_l1.jpg,2
data/images/73_l2.jpg,2
data/images/73_r1.jpg,2
data/images/73_r2.jpg,2
data/images/74_l1.jpg,0
data/images/74_l2.jpg,3
data/images/74_r1.jpg,4
data/images/74_r2.jpg,0
data/images/75_l1.jpg,4
data/images/75_l2.jpg,3
data/images/75_r1.jpg,3
data/images/75_r2.jpg,0
data/images/76_l1.jpg,5
data/images/76_l2.jpg,5
data/images/76_r1.jpg,0
data/images/76_r2.jpg,0
data/images/77_r4.jpg,0
data/images/77_r3.jpg,0
data/images/77_l3.jpg,0
data/images/77_l4.jpg,0
data/images/78_l1.jpg,2
data/images/78_l2.jpg,2
data/images/78_r1.jpg,0
data/images/78_r2.jpg,0
data/images/79_l1.jpg,2
data/images/79_l2.jpg,0
data/images/79_r1.jpg,3
data/images/79_r2.jpg,3
data/images/80_l1.jpg,4
data/images/80_l2.jpg,5
data/images/80_r1.jpg,3
data/images/80_r2.jpg,5
data/images/81_l1.jpg,1
data/images/81_l2.jpg,0
data/images/81_r1.jpg,0
data/images/81_r2.jpg,0
data/images/82_l1.jpg,2
data/images/82_l2.jpg,1
data/images/82_r1.jpg,2
data/images/82_r2.jpg,0
data/images/83_l1.jpg,0
data/images/83_l2.jpg,3
data/images/83_r1.jpg,5
data/images/83_r2.jpg,0
data/images/84_l1.jpg,4
data/images/84_l2.jpg,0
data/images/84_r1.jpg,0
data/images/84_r2.jpg,0
data/images/85_l1.jpg,0
data/images/85_l2.jpg,0
data/images/85_r1.jpg,0
data/images/85_r2.jpg,0
data/images/86_l1.jpg,3
data/images/86_l2.jpg,4
data/images/86_r1.jpg,2
data/images/86_r2.jpg,2
data/images/87_l1.jpg,0
data/images/87_l2.jpg,0
data/images/87_r1.jpg,0
data/images/87_r2.jpg,0
data/images/88_l1.jpg,0
data/images/88_l2.jpg,0
data/images/88_r1.jpg,0
data/images/88_r2.jpg,0
data/images/89_l1.jpg,0
data/images/89_l2.jpg,4
data/images/89_r1.jpg,3
data/images/89_r2.jpg,3
data/images/90_l1.jpg,3
data/images/90_l2.jpg,0
data/images/90_r1.jpg,2
data/images/90_r2.jpg,3
data/images/91_l1.jpg,3
data/images/91_l2.jpg,4
data/images/91_r1.jpg,2
data/images/91_r2.jpg,2
data/images/92_l1.jpg,0
data/images/92_l2.jpg,0
data/images/92_r1.jpg,2
data/images/92_r2.jpg,0
data/images/93_l1.jpg,0
data/images/93_l2.jpg,0
data/images/93_r1.jpg,0
data/images/93_r2.jpg,0
data/images/94_l1.jpg,4
data/images/94_l2.jpg,0
data/images/94_r1.jpg,4
data/images/94_r2.jpg,0
data/images/95_l1.jpg,0
data/images/95_l2.jpg,0
data/images/95_r1.jpg,0
data/images/95_r2.jpg,0
data/images/96_l1.jpg,0
data/images/96_l2.jpg,0
data/images/96_r1.jpg,0
data/images/96_r2.jpg,0
data/images/97_l1.jpg,2
data/images/97_l2.jpg,0
data/images/97_r1.jpg,2
data/images/97_r2.jpg,5
data/images/98_l1.jpg,0
data/images/98_l2.jpg,5
data/images/98_r1.jpg,0
data/images/98_r2.jpg,0
data/images/99_l1.jpg,2
data/images/99_l2.jpg,0
data/images/99_r1.jpg,3
data/images/99_r2.jpg,2
data/images/100_l1.jpg,0
data/images/100_l2.jpg,0
data/images/100_r1.jpg,2
data/images/100_r2.jpg,0
data/images/101_l1.jpg,5
data/images/101_l2.jpg,4
data/images/101_r1.jpg,3
data/images/101_r2.jpg,4
data/images/102_l1.jpg,4
data/images/102_l2.jpg,2
data/images/102_r1.jpg,3
data/images/102_r2.jpg,0
data/images/103_l1.jpg,0
data/images/103_l2.jpg,5
data/images/103_r1.jpg,2
data/images/103_r2.jpg,5
data/images/104_l1.jpg,0
data/images/104_l2.jpg,0
data/images/104_r1.jpg,0
data/images/104_r2.jpg,2
data/images/105_l1.jpg,0
data/images/105_l2.jpg,0
data/images/105_r1.jpg,0
data/images/105_r2.jpg,0
data/images/106_l1.jpg,0
data/images/106_l2.jpg,0
data/images/106_r1.jpg,4
data/images/106_r2.jpg,0
data/images/107_l1.jpg,0
data/images/107_l2.jpg,0
data/images/107_r1.jpg,0
data/images/107_r2.jpg,1
data/images/108_l1.jpg,0
data/images/108_l2.jpg,0
data/images/108_r1.jpg,4
data/images/108_r2.jpg,0
data/images/109_l1.jpg,3
data/images/109_l2.jpg,0
data/images/109_r1.jpg,1
data/images/109_r2.jpg,1
data/images/110_l1.jpg,2
data/images/110_l2.jpg,0
data/images/110_r1.jpg,3
data/images/110_r2.jpg,0
data/images/111_l1.jpg,2
data/images/111_l2.jpg,4
data/images/111_r1.jpg,3
data/images/111_r2.jpg,4
data/images/112_l1.jpg,0
data/images/112_l2.jpg,0
data/images/112_r1.jpg,2
data/images/112_r2.jpg,0
data/images/113_l1.jpg,0
data/images/113_l2.jpg,1
data/images/113_r1.jpg,0
data/images/113_r2.jpg,0
data/images/114_l1.jpg,3
data/images/114_l2.jpg,2
data/images/114_r1.jpg,4
data/images/114_r2.jpg,4
data/images/115_l1.jpg,5
data/images/115_l2.jpg,5
data/images/115_r1.jpg,3
data/images/115_r2.jpg,5
data/images/116_l1.jpg,5
data/images/116_l2.jpg,2
data/images/116_r1.jpg,2
data/images/116_r2.jpg,0
data/images/117_l1.jpg,2
data/images/117_l2.jpg,3
data/images/117_r1.jpg,2
data/images/117_r2.jpg,2
data/images/118_l1.jpg,2
data/images/118_l2.jpg,4
data/images/118_r1.jpg,0
data/images/118_r2.jpg,0
data/images/119_l1.jpg,2
data/images/119_l2.jpg,0
data/images/119_r1.jpg,2
data/images/119_r2.jpg,0
data/images/120_l1.jpg,0
data/images/120_l2.jpg,0
data/images/120_r1.jpg,0
data/images/120_r2.jpg,0
data/images/121_l1.jpg,2
data/images/121_l2.jpg,2
data/images/121_r1.jpg,4
data/images/121_r2.jpg,0
data/images/122_l1.jpg,0
data/images/122_l2.jpg,0
data/images/122_r1.jpg,0
data/images/122_r2.jpg,0
data/images/123_l1.jpg,0
data/images/123_l2.jpg,0
data/images/123_r1.jpg,0
data/images/123_r2.jpg,0
data/images/124_l1.jpg,0
data/images/124_l2.jpg,0
data/images/124_r1.jpg,0
data/images/124_r2.jpg,3
data/images/125_l1.jpg,3
data/images/125_l2.jpg,2
data/images/125_r1.jpg,2
data/images/125_r2.jpg,3
data/images/126_l1.jpg,2
data/images/126_l2.jpg,0
data/images/126_r1.jpg,0
data/images/126_r2.jpg,0
data/images/127_l1.jpg,0
data/images/127_l2.jpg,0
data/images/127_r1.jpg,0
data/images/127_r2.jpg,0
data/images/128_l1.jpg,1
data/images/128_l2.jpg,1
data/images/128_r1.jpg,0
data/images/128_r2.jpg,3
data/images/129_l1.jpg,4
data/images/129_l2.jpg,0
data/images/129_r1.jpg,2
data/images/129_r2.jpg,0
data/images/130_l1.jpg,0
data/images/130_l2.jpg,0
data/images/130_r1.jpg,4
data/images/130_r2.jpg,0
data/images/131_l1.jpg,2
data/images/131_l2.jpg,0
data/images/131_r1.jpg,2
data/images/131_r2.jpg,0
data/images/132_l1.jpg,0
data/images/132_l2.jpg,0
data/images/132_r1.jpg,0
data/images/132_r2.jpg,0
data/images/133_l1.jpg,0
data/images/133_l2.jpg,1
data/images/133_r1.jpg,2
data/images/133_r2.jpg,0
data/images/134_l1.jpg,2
data/images/134_l2.jpg,0
data/images/134_r1.jpg,0
data/images/134_r2.jpg,0
data/images/135_l1.jpg,2
data/images/135_l2.jpg,2
data/images/135_r1.jpg,3
data/images/135_r2.jpg,4
data/images/136_l1.jpg,0
data/images/136_l2.jpg,0
data/images/136_r1.jpg,2
data/images/136_r2.jpg,0
data/images/137_l1.jpg,2
data/images/137_l2.jpg,3
data/images/137_r1.jpg,0
data/images/137_r2.jpg,0
data/images/138_l1.jpg,3
data/images/138_l2.jpg,0
data/images/138_r1.jpg,0
data/images/138_r2.jpg,2
data/images/139_l1.jpg,3
data/images/139_l2.jpg,3
data/images/139_r1.jpg,4
data/images/139_r2.jpg,5
data/images/140_l1.jpg,0
data/images/140_l2.jpg,0
data/images/140_r1.jpg,0
data/images/140_r2.jpg,0
data/images/141_l1.jpg,0
data/images/141_l2.jpg,0
data/images/141_r1.jpg,0
data/images/141_r2.jpg,0
data/images/142_l1.jpg,2
data/images/142_l2.jpg,0
data/images/142_r1.jpg,0
data/images/142_r2.jpg,4
data/images/143_l1.jpg,2
data/images/143_l2.jpg,0
data/images/143_r1.jpg,2
data/images/143_r2.jpg,0
data/images/144_l1.jpg,0
data/images/144_l2.jpg,0
data/images/144_r1.jpg,0
data/images/144_r2.jpg,0
data/images/145_l1.jpg,1
data/images/145_l2.jpg,0
data/images/145_r1.jpg,3
data/images/145_r2.jpg,3
data/images/146_l1.jpg,0
data/images/146_l2.jpg,0
data/images/146_r1.jpg,2
data/images/146_r2.jpg,0
data/images/147_l1.jpg,3
data/images/147_l2.jpg,3
data/images/147_r1.jpg,3
data/images/147_r2.jpg,2
data/images/148_l1.jpg,2
data/images/148_l2.jpg,2
data/images/148_r1.jpg,2
data/images/148_r2.jpg,0
data/images/149_l1.jpg,3
data/images/149_l2.jpg,0
data/images/149_r1.jpg,3
data/images/149_r2.jpg,0
data/images/150_l1.jpg,2
data/images/150_l2.jpg,0
data/images/150_r1.jpg,2
data/images/150_r2.jpg,0
data/images/151_l1.jpg,3
data/images/151_l2.jpg,5
data/images/151_r1.jpg,5
data/images/151_r2.jpg,4
data/images/152_l1.jpg,2
data/images/152_l2.jpg,3
data/images/152_r1.jpg,2
data/images/152_r2.jpg,4
data/images/153_l1.jpg,2
data/images/153_l2.jpg,5
data/images/153_r1.jpg,2
data/images/153_r2.jpg,4
data/images/154_l1.jpg,2
data/images/154_l2.jpg,0
data/images/154_r1.jpg,2
data/images/154_r2.jpg,3
data/images/155_l1.jpg,1
data/images/155_l2.jpg,0
data/images/155_r1.jpg,0
data/images/155_r2.jpg,0
data/images/156_l1.jpg,5
data/images/156_l2.jpg,0
data/images/156_r1.jpg,0
data/images/156_r2.jpg,0
data/images/157_l1.jpg,0
data/images/157_l2.jpg,0
data/images/157_r1.jpg,0
data/images/157_r2.jpg,0
data/images/158_l1.jpg,4
data/images/158_l2.jpg,2
data/images/158_r1.jpg,0
data/images/158_r2.jpg,3
data/images/159_l1.jpg,2
data/images/159_l2.jpg,0
data/images/159_r1.jpg,2
data/images/159_r2.jpg,0
data/images/160_l1.jpg,4
data/images/160_l2.jpg,0
data/images/160_r1.jpg,4
data/images/160_r2.jpg,4
data/images/161_l1.jpg,2
data/images/161_l2.jpg,0
data/images/161_r1.jpg,0
data/images/161_r2.jpg,0
data/images/162_l1.jpg,3
data/images/162_l2.jpg,3
data/images/162_r1.jpg,3
data/images/162_r2.jpg,0
data/images/163_l1.jpg,0
data/images/163_l2.jpg,1
data/images/163_r1.jpg,1
data/images/163_r2.jpg,0
data/images/164_r3.jpg,0
data/images/164_r4.jpg,0
data/images/164_r1.jpg,2
data/images/164_l3.jpg,1
data/images/165_l1.jpg,2
data/images/165_l2.jpg,1
data/images/165_r1.jpg,3
data/images/165_r2.jpg,4
data/images/166_l1.jpg,4
data/images/166_l2.jpg,5
data/images/166_r1.jpg,5
data/images/166_r2.jpg,5
data/images/167_r3.jpg,2
data/images/167_l2.jpg,0
data/images/167_l3.jpg,2
data/images/167_r2.jpg,0
data/images/168_l1.jpg,0
data/images/168_l2.jpg,0
data/images/168_r1.jpg,0
data/images/168_r2.jpg,0
data/images/169_l1.jpg,2
data/images/169_l2.jpg,4
data/images/169_r1.jpg,0
data/images/169_r2.jpg,2
data/images/170_l1.jpg,2
data/images/170_l2.jpg,3
data/images/170_r1.jpg,2
data/images/170_r2.jpg,3
data/images/171_l1.jpg,0
data/images/171_l2.jpg,0
data/images/171_r1.jpg,0
data/images/171_r2.jpg,0
data/images/172_l1.jpg,2
data/images/172_l2.jpg,0
data/images/172_r1.jpg,0
data/images/172_r2.jpg,0
data/images/173_l1.jpg,0
data/images/173_l2.jpg,0
data/images/173_r1.jpg,0
data/images/173_r2.jpg,0
data/images/174_l1.jpg,1
data/images/174_l2.jpg,0
data/images/174_r1.jpg,4
data/images/174_r2.jpg,4
data/images/175_l1.jpg,2
data/images/175_l2.jpg,0
data/images/175_r1.jpg,3
data/images/175_r2.jpg,3
data/images/176_l1.jpg,2
data/images/176_l2.jpg,0
data/images/176_r1.jpg,2
data/images/176_r2.jpg,0
data/images/177_l1.jpg,2
data/images/177_l2.jpg,0
data/images/177_r1.jpg,0
data/images/177_r2.jpg,0
data/images/178_l1.jpg,2
data/images/178_l2.jpg,3
data/images/178_r1.jpg,3
data/images/178_r2.jpg,3
data/images/179_l1.jpg,4
data/images/179_l2.jpg,2
data/images/179_r1.jpg,3
data/images/179_r2.jpg,4
data/images/180_l1.jpg,0
data/images/180_l2.jpg,2
data/images/180_r1.jpg,4
data/images/180_r2.jpg,2
data/images/181_l1.jpg,0
data/images/181_l2.jpg,0
data/images/181_r1.jpg,0
data/images/181_r2.jpg,0
data/images/182_l1.jpg,2
data/images/182_l2.jpg,2
data/images/182_r1.jpg,2
data/images/182_r2.jpg,0
data/images/183_l1.jpg,0
data/images/183_l2.jpg,0
data/images/183_r1.jpg,0
data/images/183_r2.jpg,2
data/images/184_l1.jpg,3
data/images/184_l2.jpg,0
data/images/184_r1.jpg,4
data/images/184_r2.jpg,4
data/images/185_l1.jpg,2
data/images/185_l2.jpg,0
data/images/185_r1.jpg,3
data/images/185_r2.jpg,2
data/images/186_l1.jpg,0
data/images/186_l2.jpg,0
data/images/186_r1.jpg,0
data/images/186_r2.jpg,0
data/images/187_l1.jpg,4
data/images/187_l2.jpg,4
data/images/187_r1.jpg,5
data/images/187_r2.jpg,3
data/images/188_l1.jpg,4
data/images/188_l2.jpg,0
data/images/188_r1.jpg,0
data/images/188_r2.jpg,3
data/images/189_l1.jpg,1
data/images/189_l2.jpg,0
data/images/189_r1.jpg,3
data/images/189_r2.jpg,0
data/images/190_l1.jpg,0
data/images/190_l2.jpg,0
data/images/190_r1.jpg,2
data/images/190_r2.jpg,2
data/images/191_l1.jpg,4
data/images/191_l2.jpg,0
data/images/191_r1.jpg,4
data/images/191_r2.jpg,4
data/images/192_l1.jpg,3
data/images/192_l2.jpg,2
data/images/192_r1.jpg,4
data/images/192_r2.jpg,4
data/images/193_l1.jpg,0
data/images/193_l2.jpg,0
data/images/193_r1.jpg,0
data/images/193_r2.jpg,0
data/images/194_l1.jpg,2
data/images/194_l2.jpg,0
data/images/194_r1.jpg,3
data/images/194_r2.jpg,4
data/images/195_l1.jpg,3
data/images/195_l2.jpg,3
data/images/195_r1.jpg,2
data/images/195_r2.jpg,2
data/images/196_l1.jpg,0
data/images/196_l2.jpg,0
data/images/196_r1.jpg,0
data/images/196_r2.jpg,0
data/images/197_l1.jpg,0
data/images/197_l2.jpg,0
data/images/197_r1.jpg,0
data/images/197_r2.jpg,0
data/images/198_l1.jpg,2
data/images/198_l2.jpg,0
data/images/198_r1.jpg,3
data/images/198_r2.jpg,3
data/images/199_l1.jpg,2
data/images/199_l2.jpg,2
data/images/199_r1.jpg,2
data/images/199_r2.jpg,4
data/images/200_l1.jpg,4
data/images/200_l2.jpg,2
data/images/200_r1.jpg,0
data/images/200_r2.jpg,0
data/images/201_l1.jpg,4
data/images/201_l2.jpg,3
data/images/201_r1.jpg,2
data/images/201_r2.jpg,4
data/images/202_l1.jpg,3
data/images/202_l2.jpg,1
data/images/202_r1.jpg,2
data/images/202_r2.jpg,0
data/images/203_l1.jpg,5
data/images/203_l2.jpg,0
data/images/203_r1.jpg,0
data/images/203_r2.jpg,0
data/images/204_l1.jpg,4
data/images/204_l2.jpg,2
data/images/204_r1.jpg,0
data/images/204_r2.jpg,3
data/images/205_l1.jpg,2
data/images/205_l2.jpg,4
data/images/205_r1.jpg,0
data/images/205_r2.jpg,4
data/images/206_l1.jpg,2
data/images/206_l2.jpg,3
data/images/206_r1.jpg,0
data/images/206_r2.jpg,2
data/images/207_l1.jpg,2
data/images/207_l2.jpg,0
data/images/207_r1.jpg,2
data/images/207_r2.jpg,1
data/images/208_l1.jpg,4
data/images/208_l2.jpg,0
data/images/208_r1.jpg,4
data/images/208_r2.jpg,0
data/images/209_l1.jpg,2
data/images/209_l2.jpg,0
data/images/209_r1.jpg,4
data/images/209_r2.jpg,3
data/images/210_l1.jpg,0
data/images/210_l2.jpg,0
data/images/210_r1.jpg,2
data/images/210_r2.jpg,2
data/images/211_l1.jpg,0
data/images/211_l2.jpg,0
data/images/211_r1.jpg,0
data/images/211_r2.jpg,0
data/images/212_l1.jpg,0
data/images/212_l2.jpg,0
data/images/212_r1.jpg,4
data/images/212_r2.jpg,2
data/images/213_l1.jpg,3
data/images/213_l2.jpg,0
data/images/213_r1.jpg,0
data/images/213_r2.jpg,0
data/images/214_l1.jpg,0
data/images/214_l2.jpg,3
data/images/214_r1.jpg,0
data/images/214_r2.jpg,0
data/images/215_l1.jpg,0
data/images/215_l2.jpg,2
data/images/215_r1.jpg,0
data/images/215_r2.jpg,0
data/images/216_l1.jpg,2
data/images/216_l2.jpg,3
data/images/216_r1.jpg,2
data/images/216_r2.jpg,0
data/images/217_l1.jpg,3
data/images/217_l2.jpg,3
data/images/217_r1.jpg,3
data/images/217_r2.jpg,0
data/images/218_l1.jpg,2
data/images/218_l2.jpg,0
data/images/218_r1.jpg,4
data/images/218_r2.jpg,3
data/images/219_l1.jpg,2
data/images/219_l2.jpg,0
data/images/219_r1.jpg,2
data/images/219_r2.jpg,5
data/images/220_l1.jpg,2
data/images/220_l2.jpg,1
data/images/220_r1.jpg,1
data/images/220_r2.jpg,2
data/images/221_l1.jpg,2
data/images/221_l2.jpg,2
data/images/221_r1.jpg,3
data/images/221_r2.jpg,2
data/images/222_l1.jpg,0
data/images/222_l2.jpg,0
data/images/222_r1.jpg,2
data/images/222_r2.jpg,4
data/images/223_l1.jpg,4
data/images/223_l2.jpg,0
data/images/223_r1.jpg,3
data/images/223_r2.jpg,3
data/images/224_l1.jpg,0
data/images/224_l2.jpg,0
data/images/224_r1.jpg,0
data/images/224_r2.jpg,0
data/images/225_l1.jpg,0
data/images/225_l2.jpg,0
data/images/225_r1.jpg,2
data/images/225_r2.jpg,3
data/images/226_l1.jpg,2
data/images/226_l2.jpg,1
data/images/226_r1.jpg,0
data/images/226_r2.jpg,0
data/images/227_l1.jpg,0
data/images/227_l2.jpg,0
data/images/227_r1.jpg,0
data/images/227_r2.jpg,0
data/images/228_l1.jpg,2
data/images/228_l2.jpg,0
data/images/228_r1.jpg,0
data/images/228_r2.jpg,0
data/images/229_l1.jpg,1
data/images/229_l2.jpg,1
data/images/229_r1.jpg,0
data/images/229_r2.jpg,1
data/images/230_l1.jpg,3
data/images/230_l2.jpg,0
data/images/230_r1.jpg,5
data/images/230_r2.jpg,4
data/images/231_l1.jpg,2
data/images/231_l2.jpg,1
data/images/231_r1.jpg,0
data/images/231_r2.jpg,0
data/images/232_l1.jpg,3
data/images/232_l2.jpg,2
data/images/232_r1.jpg,2
data/images/232_r2.jpg,1
data/images/233_l1.jpg,5
data/images/233_l2.jpg,5
data/images/233_r1.jpg,4
data/images/233_r2.jpg,0
data/images/234_l1.jpg,4
data/images/234_l2.jpg,4
data/images/234_r1.jpg,2
data/images/234_r2.jpg,3
data/images/235_l1.jpg,4
data/images/235_l2.jpg,0
data/images/235_r1.jpg,2
data/images/235_r2.jpg,2
data/images/236_l1.jpg,0
data/images/236_l2.jpg,0
data/images/236_r1.jpg,0
data/images/236_r2.jpg,0
data/images/237_l1.jpg,2
data/images/237_l2.jpg,4
data/images/237_r1.jpg,4
data/images/237_r2.jpg,4
data/images/238_l1.jpg,4
data/images/238_l2.jpg,3
data/images/238_r1.jpg,2
data/images/238_r2.jpg,0
data/images/239_l1.jpg,0
data/images/239_l2.jpg,0
data/images/239_r1.jpg,0
data/images/239_r2.jpg,0
data/images/240_l1.jpg,0
data/images/240_l2.jpg,0
data/images/240_r1.jpg,0
data/images/240_r2.jpg,0
data/images/241_l1.jpg,0
data/images/241_l2.jpg,0
data/images/241_r1.jpg,2
data/images/241_r2.jpg,0
data/images/242_l1.jpg,3
data/images/242_l2.jpg,2
data/images/242_r1.jpg,2
data/images/242_r2.jpg,2
data/images/243_l1.jpg,0
data/images/243_l2.jpg,0
data/images/243_r1.jpg,0
data/images/243_r2.jpg,0
data/images/244_l1.jpg,2
data/images/244_l2.jpg,0
data/images/244_r1.jpg,3
data/images/244_r2.jpg,3
data/images/245_l1.jpg,2
data/images/245_l2.jpg,0
data/images/245_r1.jpg,2
data/images/245_r2.jpg,0
data/images/246_l1.jpg,3
data/images/246_l2.jpg,0
data/images/246_r1.jpg,2
data/images/246_r2.jpg,4
data/images/247_l1.jpg,2
data/images/247_l2.jpg,0
data/images/247_r1.jpg,2
data/images/247_r2.jpg,2
data/images/248_l1.jpg,0
data/images/248_l2.jpg,0
data/images/248_r1.jpg,0
data/images/248_r2.jpg,0
data/images/249_l1.jpg,0
data/images/249_l2.jpg,0
data/images/249_r1.jpg,3
data/images/249_r2.jpg,2
data/images/250_l1.jpg,3
data/images/250_l2.jpg,3
data/images/250_r1.jpg,3
data/images/250_r2.jpg,2
data/images/251_l1.jpg,0
data/images/251_l2.jpg,0
data/images/251_r1.jpg,0
data/images/251_r2.jpg,0
data/images/252_l1.jpg,0
data/images/252_l2.jpg,0
data/images/252_r1.jpg,0
data/images/252_r2.jpg,0
data/images/253_l1.jpg,4
data/images/253_l2.jpg,0
data/images/253_r1.jpg,0
data/images/253_r2.jpg,0
data/images/254_l1.jpg,0
data/images/254_l2.jpg,0
data/images/254_r1.jpg,2
data/images/254_r2.jpg,0
data/images/255_l1.jpg,0
data/images/255_l2.jpg,0
data/images/255_r1.jpg,2
data/images/255_r2.jpg,0
data/images/256_l1.jpg,2
data/images/256_l2.jpg,0
data/images/256_r1.jpg,2
data/images/256_r2.jpg,1
data/images/257_l1.jpg,2
data/images/257_l2.jpg,0
data/images/257_r1.jpg,2
data/images/257_r2.jpg,0
data/images/258_l1.jpg,0
data/images/258_l2.jpg,0
data/images/258_r1.jpg,4
data/images/258_r2.jpg,0
data/images/259_l1.jpg,4
data/images/259_l2.jpg,0
data/images/259_r1.jpg,3
data/images/259_r2.jpg,3
data/images/260_l1.jpg,2
data/images/260_l2.jpg,0
data/images/260_r1.jpg,0
data/images/260_r2.jpg,2
data/images/261_l1.jpg,2
data/images/261_l2.jpg,4
data/images/261_r1.jpg,0
data/images/261_r2.jpg,0
data/images/262_l1.jpg,4
data/images/262_l2.jpg,4
data/images/262_r1.jpg,5
data/images/262_r2.jpg,4
data/images/263_l1.jpg,0
data/images/263_l2.jpg,4
data/images/263_r1.jpg,4
data/images/263_r2.jpg,2
data/images/264_l1.jpg,4
data/images/264_l2.jpg,3
data/images/264_r1.jpg,3
data/images/264_r2.jpg,0
data/images/266_l1.jpg,0
data/images/266_l2.jpg,0
data/images/266_r1.jpg,0
data/images/266_r2.jpg,0
data/images/268_l1.jpg,2
data/images/268_l2.jpg,0
data/images/268_r1.jpg,0
data/images/268_r2.jpg,2
data/images/269_l1.jpg,0
data/images/269_l2.jpg,0
data/images/269_r1.jpg,4
data/images/269_r2.jpg,0
data/images/270_l1.jpg,3
data/images/270_l2.jpg,4
data/images/270_r1.jpg,2
data/images/270_r2.jpg,3
data/images/271_l1.jpg,0
data/images/271_l2.jpg,0
data/images/271_r1.jpg,0
data/images/271_r2.jpg,3
data/images/272_l1.jpg,0
data/images/272_l2.jpg,0
data/images/272_r1.jpg,0
data/images/272_r2.jpg,0
data/images/273_l1.jpg,3
data/images/273_l2.jpg,0
data/images/273_r1.jpg,4
data/images/273_r2.jpg,3
data/images/274_l1.jpg,2
data/images/274_l2.jpg,0
data/images/274_r1.jpg,2
data/images/274_r2.jpg,0
data/images/275_l1.jpg,2
data/images/275_l2.jpg,2
data/images/275_r1.jpg,0
data/images/275_r2.jpg,3
data/images/276_l1.jpg,3
data/images/276_l2.jpg,4
data/images/276_r1.jpg,2
data/images/276_r2.jpg,0
data/images/278_l1.jpg,1
data/images/278_l2.jpg,0
data/images/278_r1.jpg,2
data/images/278_r2.jpg,2
data/images/279_l1.jpg,0
data/images/279_l2.jpg,3
data/images/279_r1.jpg,2
data/images/279_r2.jpg,0
data/images/280_l1.jpg,0
data/images/280_l2.jpg,0
data/images/280_r1.jpg,0
data/images/280_r2.jpg,5
data/images/281_l1.jpg,0
data/images/281_l2.jpg,0
data/images/281_r1.jpg,2
data/images/281_r2.jpg,0
data/images/282_l1.jpg,0
data/images/282_l2.jpg,0
data/images/282_r1.jpg,2
data/images/282_r2.jpg,0
data/images/283_l1.jpg,0
data/images/283_l2.jpg,0
data/images/283_r1.jpg,0
data/images/283_r2.jpg,0
data/images/284_l1.jpg,0
data/images/284_l2.jpg,0
data/images/284_r1.jpg,2
data/images/284_r2.jpg,0
data/images/285_l1.jpg,2
data/images/285_l2.jpg,3
data/images/285_r1.jpg,0
data/images/285_r2.jpg,4
data/images/286_l1.jpg,2
data/images/286_l2.jpg,0
data/images/286_r1.jpg,0
data/images/286_r2.jpg,0
data/images/287_l1.jpg,1
data/images/287_l2.jpg,0
data/images/287_r1.jpg,0
data/images/287_r2.jpg,0
data/images/288_l1.jpg,2
data/images/288_l2.jpg,0
data/images/288_r1.jpg,2
data/images/288_r2.jpg,0
data/images/289_l1.jpg,2
data/images/289_l2.jpg,0
data/images/289_r1.jpg,2
data/images/289_r2.jpg,0
data/images/290_l1.jpg,4
data/images/290_l2.jpg,0
data/images/290_r1.jpg,3
data/images/290_r2.jpg,4
data/images/291_l1.jpg,1
data/images/291_l2.jpg,4
data/images/291_r1.jpg,1
data/images/291_r2.jpg,4
data/images/292_l1.jpg,0
data/images/292_l2.jpg,0
data/images/292_r1.jpg,2
data/images/292_r2.jpg,0
data/images/293_l1.jpg,0
data/images/293_l2.jpg,0
data/images/293_r1.jpg,0
data/images/293_r2.jpg,0
data/images/295_l1.jpg,3
data/images/295_l2.jpg,0
data/images/295_r1.jpg,2
data/images/295_r2.jpg,0
data/images/297_l1.jpg,3
data/images/297_l2.jpg,0
data/images/297_r1.jpg,3
data/images/297_r2.jpg,0
data/images/302_l1.jpg,2
data/images/302_l2.jpg,0
data/images/302_r1.jpg,1
data/images/302_r2.jpg,0
data/images/308_l1.jpg,0
data/images/308_l2.jpg,0
data/images/308_r1.jpg,0
data/images/308_r2.jpg,0
data/images/312_l1.jpg,0
data/images/312_l2.jpg,0
data/images/312_r1.jpg,2
data/images/312_r2.jpg,1
data/images/313_l1.jpg,1
data/images/313_l2.jpg,0
data/images/313_r1.jpg,3
data/images/313_r2.jpg,0
data/images/324_l1.jpg,4
data/images/324_l2.jpg,0
data/images/324_r1.jpg,3
data/images/324_r2.jpg,0
data/images/327_l1.jpg,0
data/images/327_l2.jpg,0
data/images/327_r1.jpg,0
data/images/327_r2.jpg,0
data/images/329_l1.jpg,2
data/images/329_l2.jpg,2
data/images/329_r1.jpg,2
data/images/329_r2.jpg,0
data/images/330_l1.jpg,0
data/images/330_l2.jpg,0
data/images/330_r1.jpg,0
data/images/330_r2.jpg,0
